{"val_loss": 0.18950527906417847, "_timestamp": 1678452469.949915, "_runtime": 105.10522603988647, "_step": 44, "avg_val_loss_epoch": 0.15874916315078735, "train_loss": 0.16220775246620178, "epoch": 4, "trainer/global_step": 19, "database_set_embeddings": {"_type": "table-file", "sha256": "8d23db7cabd9d5d2dcb8dbe304e4f5d39712226db65634dbf2a873dfff205e7f", "size": 3461832, "artifact_path": "wandb-client-artifact://xuaq3f96owtrhpgxmvpsv85sjlbpgnzyreogefkj2sj7cynwxzuysgjmhslyr5uewigiq6n8wtwl3xhqogdbgw1c56sal5oqhq4d1arvthts9zm759mqnvkl5naxwt1p:latest/database_set_embeddings.table.json", "_latest_artifact_path": "wandb-client-artifact://xuaq3f96owtrhpgxmvpsv85sjlbpgnzyreogefkj2sj7cynwxzuysgjmhslyr5uewigiq6n8wtwl3xhqogdbgw1c56sal5oqhq4d1arvthts9zm759mqnvkl5naxwt1p:latest/database_set_embeddings.table.json", "path": "media/table/database_set_embeddings_43_8d23db7cabd9d5d2dcb8.table.json", "ncols": 258, "nrows": 640}, "val_embeddings": {"_type": "table-file", "sha256": "9d812c8f03763aa95ba5959e8837f1661e66a77ddefd60cc5f1b7b8f57333e90", "size": 1161773, "artifact_path": "wandb-client-artifact://9614rn8q9v17her3a9j0vadypv41bbrw1g9hn49il958xx0674luv2wizyi5r5260azfxp3e5u7a2bc58ksl5zvebfosbcj3p8ax5t4dvkxmm8ojmgmkfb83otmdgouo:latest/val_embeddings.table.json", "_latest_artifact_path": "wandb-client-artifact://9614rn8q9v17her3a9j0vadypv41bbrw1g9hn49il958xx0674luv2wizyi5r5260azfxp3e5u7a2bc58ksl5zvebfosbcj3p8ax5t4dvkxmm8ojmgmkfb83otmdgouo:latest/val_embeddings.table.json", "path": "media/table/val_embeddings_44_9d812c8f03763aa95ba5.table.json", "ncols": 259, "nrows": 214}, "recall": 0.4672897196261682, "precision": 0.4672897196261682, "f1Score": 0.4672897196261683, "accuracy": 0.4672897196261682, "consusion_matrix": {"_type": "numpy.ndarray", "var": 0.06109171774792795, "mean": 0.020569011918492888, "min": 0, "max": 12, "10%": 0.0, "25%": 0.0, "75%": 0.0, "90%": 0.0, "size": 10404}, "recall_per_class": {"_type": "numpy.ndarray", "var": 0.1360710994637506, "mean": 0.25746965452847803, "min": 0.0, "max": 1.0, "10%": 0.0, "25%": 0.0, "75%": 0.5, "90%": 1.0, "size": 102}, "precision_per_class": {"_type": "numpy.ndarray", "var": 0.16872750393507507, "mean": 0.2908816677045985, "min": 0.0, "max": 1.0, "10%": 0.0, "25%": 0.0, "75%": 0.6499999999999999, "90%": 1.0, "size": 102}, "f1Score_per_class": {"_type": "numpy.ndarray", "var": 0.12586088691510428, "mean": 0.2542320739689161, "min": 0.0, "max": 1.0, "10%": 0.0, "25%": 0.0, "75%": 0.575, "90%": 0.8300000000000002, "size": 102}, "individual_results": {"AP00": {"precision": 0.1276595744680851, "recall": 0.6, "f1-score": 0.21052631578947367, "support": 10}, "AP01": {"precision": 0.6, "recall": 1.0, "f1-score": 0.7499999999999999, "support": 6}, "AP02": {"precision": 0.6666666666666666, "recall": 0.6666666666666666, "f1-score": 0.6666666666666666, "support": 6}, "AP03": {"precision": 0.25, "recall": 0.42857142857142855, "f1-score": 0.3157894736842105, "support": 7}, "AP40": {"precision": 1.0, "recall": 0.5, "f1-score": 0.6666666666666666, "support": 2}, "AP60": {"precision": 0.0, "recall": 0.0, "f1-score": 0.0, "support": 0}, "AP61": {"precision": 1.0, "recall": 0.3333333333333333, "f1-score": 0.5, "support": 3}, "AY00": {"precision": 0.5, "recall": 1.0, "f1-score": 0.6666666666666666, "support": 1}, "AY04": {"precision": 0.0, "recall": 0.0, "f1-score": 0.0, "support": 1}, "DU00": {"precision": 0.0, "recall": 0.0, "f1-score": 0.0, "support": 1}, "DU01": {"precision": 0.0, "recall": 0.0, "f1-score": 0.0, "support": 1}, "DU40": {"precision": 1.0, "recall": 1.0, "f1-score": 1.0, "support": 1}, "DU60": {"precision": 0.0, "recall": 0.0, "f1-score": 0.0, "support": 1}, "ES00": {"precision": 0.0, "recall": 0.0, "f1-score": 0.0, "support": 1}, "ES01": {"precision": 0.0, "recall": 0.0, "f1-score": 0.0, "support": 2}, "ES02": {"precision": 0.0, "recall": 0.0, "f1-score": 0.0, "support": 2}, "ES03": {"precision": 0.0, "recall": 0.0, "f1-score": 0.0, "support": 1}, "GA01": {"precision": 0.3333333333333333, "recall": 0.5, "f1-score": 0.4, "support": 2}, "GA02": {"precision": 0.0, "recall": 0.0, "f1-score": 0.0, "support": 1}, "GA40": {"precision": 0.0, "recall": 0.0, "f1-score": 0.0, "support": 1}, "HU00": {"precision": 0.0, "recall": 0.0, "f1-score": 0.0, "support": 2}, "HU20": {"precision": 0.0, "recall": 0.0, "f1-score": 0.0, "support": 1}, "HU21": {"precision": 0.0, "recall": 0.0, "f1-score": 0.0, "support": 1}, "HU22": {"precision": 0.6666666666666666, "recall": 0.6666666666666666, "f1-score": 0.6666666666666666, "support": 3}, "HU23": {"precision": 0.5, "recall": 0.3333333333333333, "f1-score": 0.4, "support": 3}, "HU24": {"precision": 0.0, "recall": 0.0, "f1-score": 0.0, "support": 2}, "HU25": {"precision": 0.6666666666666666, "recall": 0.6666666666666666, "f1-score": 0.6666666666666666, "support": 3}, "HU40": {"precision": 0.0, "recall": 0.0, "f1-score": 0.0, "support": 1}, "JB00": {"precision": 0.0, "recall": 0.0, "f1-score": 0.0, "support": 1}, "JP00": {"precision": 0.0, "recall": 0.0, "f1-score": 0.0, "support": 1}, "JP01": {"precision": 1.0, "recall": 1.0, "f1-score": 1.0, "support": 1}, "JP60": {"precision": 0.0, "recall": 0.0, "f1-score": 0.0, "support": 1}, "JZ00": {"precision": 1.0, "recall": 0.25, "f1-score": 0.4, "support": 4}, "JZ01": {"precision": 0.8333333333333334, "recall": 0.8333333333333334, "f1-score": 0.8333333333333334, "support": 6}, "JZ20": {"precision": 1.0, "recall": 1.0, "f1-score": 1.0, "support": 2}, "JZ40": {"precision": 1.0, "recall": 1.0, "f1-score": 1.0, "support": 4}, "JZ41": {"precision": 1.0, "recall": 0.6666666666666666, "f1-score": 0.8, "support": 3}, "ME00": {"precision": 0.0, "recall": 0.0, "f1-score": 0.0, "support": 1}, "ME01": {"precision": 0.0, "recall": 0.0, "f1-score": 0.0, "support": 0}, "ME60": {"precision": 0.5, "recall": 1.0, "f1-score": 0.6666666666666666, "support": 1}, "MU00": {"precision": 1.0, "recall": 0.6666666666666666, "f1-score": 0.8, "support": 3}, "NN00": {"precision": 0.0, "recall": 0.0, "f1-score": 0.0, "support": 1}, "NN01": {"precision": 0.0, "recall": 0.0, "f1-score": 0.0, "support": 0}, "NN02": {"precision": 0.5, "recall": 0.5, "f1-score": 0.5, "support": 2}, "NN02 R019": {"precision": 0.0, "recall": 0.0, "f1-score": 0.0, "support": 1}, "NN03": {"precision": 0.0, "recall": 0.0, "f1-score": 0.0, "support": 1}, "NN40": {"precision": 0.0, "recall": 0.0, "f1-score": 0.0, "support": 2}, "NN41": {"precision": 0.0, "recall": 0.0, "f1-score": 0.0, "support": 2}, "NN42": {"precision": 1.0, "recall": 1.0, "f1-score": 1.0, "support": 1}, "NN44": {"precision": 0.0, "recall": 0.0, "f1-score": 0.0, "support": 1}, "NN60": {"precision": 0.0, "recall": 0.0, "f1-score": 0.0, "support": 1}, "NN61": {"precision": 0.0, "recall": 0.0, "f1-score": 0.0, "support": 1}, "OE00": {"precision": 0.0, "recall": 0.0, "f1-score": 0.0, "support": 1}, "OE01": {"precision": 0.0, "recall": 0.0, "f1-score": 0.0, "support": 1}, "OE02": {"precision": 0.0, "recall": 0.0, "f1-score": 0.0, "support": 2}, "OE40": {"precision": 0.0, "recall": 0.0, "f1-score": 0.0, "support": 1}, "OE41": {"precision": 0.0, "recall": 0.0, "f1-score": 0.0, "support": 1}, "PL00": {"precision": 0.0, "recall": 0.0, "f1-score": 0.0, "support": 1}, "PL01": {"precision": 1.0, "recall": 1.0, "f1-score": 1.0, "support": 2}, "PL02": {"precision": 0.0, "recall": 0.0, "f1-score": 0.0, "support": 1}, "PL03": {"precision": 0.0, "recall": 0.0, "f1-score": 0.0, "support": 1}, "PL04": {"precision": 0.0, "recall": 0.0, "f1-score": 0.0, "support": 1}, "PL40": {"precision": 0.0, "recall": 0.0, "f1-score": 0.0, "support": 1}, "PL41": {"precision": 1.0, "recall": 0.5, "f1-score": 0.6666666666666666, "support": 2}, "PL43": {"precision": 0.0, "recall": 0.0, "f1-score": 0.0, "support": 1}, "PL44": {"precision": 0.0, "recall": 0.0, "f1-score": 0.0, "support": 1}, "PL45": {"precision": 0.0, "recall": 0.0, "f1-score": 0.0, "support": 1}, "PL46": {"precision": 0.5, "recall": 0.5, "f1-score": 0.5, "support": 2}, "PV00": {"precision": 0.0, "recall": 0.0,